{
  "IcoMoonType": "selection",
  "icons": [
    {
      "icon": {
        "paths": [
          "M658 708l-60 60-256-256 256-256 60 60-196 196z"
        ],
        "attrs": [
          {}
        ],
        "isMulticolor": false,
        "isMulticolor2": false,
        "tags": [
          "keyboard_arrow_left"
        ],
        "grid": 24
      },
      "attrs": [
        {}
      ],
      "properties": {
        "order": 1,
        "id": 0,
        "name": "keyboard_arrow_left",
        "prevSize": 24
      },
      "setIdx": 0,
      "setId": 4,
      "iconIdx": 0
    },
    {
      "icon": {
        "paths": [
          "M512 0c-282.77 0-512 229.23-512 512s229.23 512 512 512 512-229.23 512-512-229.23-512-512-512zM96 512c0-229.75 186.25-416 416-416 109.574 0 209.232 42.386 283.534 111.628l-411.534 176.372-176.372 411.534c-69.242-74.302-111.628-173.96-111.628-283.534zM585.166 585.166l-256.082 109.75 109.75-256.082 146.332 146.332zM512 928c-109.574 0-209.234-42.386-283.532-111.628l411.532-176.372 176.372-411.532c69.242 74.298 111.628 173.958 111.628 283.532 0 229.75-186.25 416-416 416z"
        ],
        "attrs": [
          {}
        ],
        "isMulticolor": false,
        "isMulticolor2": false,
        "tags": [
          "compass",
          "direction",
          "location"
        ],
        "grid": 16
      },
      "attrs": [
        {}
      ],
      "properties": {
        "order": 1,
        "id": 2,
        "prevSize": 32,
        "name": "compass"
      },
      "setIdx": 1,
      "setId": 3,
      "iconIdx": 0
    },
    {
      "icon": {
        "paths": [
          "M544.010 1024.004c-2.296 0-4.622-0.25-6.94-0.764-14.648-3.25-25.070-16.238-25.070-31.24v-480h-480c-15.002 0-27.992-10.422-31.24-25.070-3.25-14.646 4.114-29.584 17.708-35.928l960-448c12.196-5.688 26.644-3.144 36.16 6.372 9.516 9.514 12.060 23.966 6.372 36.16l-448 960c-5.342 11.44-16.772 18.47-28.99 18.47zM176.242 448h367.758c17.674 0 32 14.328 32 32v367.758l349.79-749.546-749.548 349.788z"
        ],
        "attrs": [
          {}
        ],
        "isMulticolor": false,
        "isMulticolor2": false,
        "tags": [
          "compass",
          "direction",
          "location"
        ],
        "grid": 16
      },
      "attrs": [
        {}
      ],
      "properties": {
        "order": 1,
        "id": 1,
        "prevSize": 32,
        "name": "compass1"
      },
      "setIdx": 1,
      "setId": 3,
      "iconIdx": 1
    },
    {
      "icon": {
        "paths": [
          "M992.262 871.396l-242.552-206.294c-25.074-22.566-51.89-32.926-73.552-31.926 57.256-67.068 91.842-154.078 91.842-249.176 0-212.078-171.922-384-384-384-212.076 0-384 171.922-384 384s171.922 384 384 384c95.098 0 182.108-34.586 249.176-91.844-1 21.662 9.36 48.478 31.926 73.552l206.294 242.552c35.322 39.246 93.022 42.554 128.22 7.356s31.892-92.898-7.354-128.22zM384 640c-141.384 0-256-114.616-256-256s114.616-256 256-256 256 114.616 256 256-114.614 256-256 256z"
        ],
        "attrs": [
          {}
        ],
        "isMulticolor": false,
        "isMulticolor2": false,
        "tags": [
          "search",
          "magnifier",
          "magnifying-glass",
          "inspect",
          "find"
        ],
        "grid": 16
      },
      "attrs": [
        {}
      ],
      "properties": {
        "order": 1,
        "id": 0,
        "name": "search, magnifier, magnifying-glass, inspect, find",
        "prevSize": 32
      },
      "setIdx": 1,
      "setId": 3,
      "iconIdx": 2
    },
    {
      "icon": {
        "paths": [
          "M950.857 340.571c0-160.571-108.571-194.286-200-194.286-85.143 0-181.143 92-210.857 127.429-13.714 16.571-42.286 16.571-56 0-29.714-35.429-125.714-127.429-210.857-127.429-91.429 0-200 33.714-200 194.286 0 104.571 105.714 201.714 106.857 202.857l332 320 331.429-319.429c1.714-1.714 107.429-98.857 107.429-203.429zM1024 340.571c0 137.143-125.714 252-130.857 257.143l-356 342.857c-6.857 6.857-16 10.286-25.143 10.286s-18.286-3.429-25.143-10.286l-356.571-344c-4.571-4-130.286-118.857-130.286-256 0-167.429 102.286-267.429 273.143-267.429 100 0 193.714 78.857 238.857 123.429 45.143-44.571 138.857-123.429 238.857-123.429 170.857 0 273.143 100 273.143 267.429z"
        ],
        "attrs": [
          {}
        ],
        "isMulticolor": false,
        "isMulticolor2": false,
        "tags": [
          "heart-o"
        ],
        "grid": 14
      },
      "attrs": [
        {}
      ],
      "properties": {
        "order": 1,
        "id": 4,
        "name": "heart-o",
        "prevSize": 28
      },
      "setIdx": 2,
      "setId": 2,
      "iconIdx": 0
    },
    {
      "icon": {
        "paths": [
          "M512 950.857c-9.143 0-18.286-3.429-25.143-10.286l-356.571-344c-4.571-4-130.286-118.857-130.286-256 0-167.429 102.286-267.429 273.143-267.429 100 0 193.714 78.857 238.857 123.429 45.143-44.571 138.857-123.429 238.857-123.429 170.857 0 273.143 100 273.143 267.429 0 137.143-125.714 252-130.857 257.143l-356 342.857c-6.857 6.857-16 10.286-25.143 10.286z"
        ],
        "attrs": [
          {}
        ],
        "isMulticolor": false,
        "isMulticolor2": false,
        "tags": [
          "heart"
        ],
        "grid": 14
      },
      "attrs": [
        {}
      ],
      "properties": {
        "order": 2,
        "id": 3,
        "name": "heart",
        "prevSize": 28
      },
      "setIdx": 2,
      "setId": 2,
      "iconIdx": 1
    },
    {
      "icon": {
        "paths": [
          "M658.286 457.143v36.571c0 10.286-8 18.286-18.286 18.286h-201.143v201.143c0 10.286-8 18.286-18.286 18.286h-36.571c-10.286 0-18.286-8-18.286-18.286v-201.143h-201.143c-10.286 0-18.286-8-18.286-18.286v-36.571c0-10.286 8-18.286 18.286-18.286h201.143v-201.143c0-10.286 8-18.286 18.286-18.286h36.571c10.286 0 18.286 8 18.286 18.286v201.143h201.143c10.286 0 18.286 8 18.286 18.286zM731.429 713.143v-475.429c0-50.286-41.143-91.429-91.429-91.429h-475.429c-50.286 0-91.429 41.143-91.429 91.429v475.429c0 50.286 41.143 91.429 91.429 91.429h475.429c50.286 0 91.429-41.143 91.429-91.429zM804.571 237.714v475.429c0 90.857-73.714 164.571-164.571 164.571h-475.429c-90.857 0-164.571-73.714-164.571-164.571v-475.429c0-90.857 73.714-164.571 164.571-164.571h475.429c90.857 0 164.571 73.714 164.571 164.571z"
        ],
        "attrs": [
          {}
        ],
        "width": 805,
        "isMulticolor": false,
        "isMulticolor2": false,
        "tags": [
          "plus-square-o"
        ],
        "grid": 14
      },
      "attrs": [
        {}
      ],
      "properties": {
        "order": 1,
        "id": 2,
        "name": "plus-square-o",
        "prevSize": 28
      },
      "setIdx": 2,
      "setId": 2,
      "iconIdx": 2
    },
    {
      "icon": {
        "paths": [
          "M731.429 548.571v-73.143c0-20-16.571-36.571-36.571-36.571h-182.857v-182.857c0-20-16.571-36.571-36.571-36.571h-73.143c-20 0-36.571 16.571-36.571 36.571v182.857h-182.857c-20 0-36.571 16.571-36.571 36.571v73.143c0 20 16.571 36.571 36.571 36.571h182.857v182.857c0 20 16.571 36.571 36.571 36.571h73.143c20 0 36.571-16.571 36.571-36.571v-182.857h182.857c20 0 36.571-16.571 36.571-36.571zM877.714 237.714v548.571c0 90.857-73.714 164.571-164.571 164.571h-548.571c-90.857 0-164.571-73.714-164.571-164.571v-548.571c0-90.857 73.714-164.571 164.571-164.571h548.571c90.857 0 164.571 73.714 164.571 164.571z"
        ],
        "attrs": [
          {}
        ],
        "width": 878,
        "isMulticolor": false,
        "isMulticolor2": false,
        "tags": [
          "plus-square"
        ],
        "grid": 14
      },
      "attrs": [
        {}
      ],
      "properties": {
        "order": 2,
        "id": 1,
        "name": "plus-square",
        "prevSize": 28
      },
      "setIdx": 2,
      "setId": 2,
      "iconIdx": 3
    },
    {
      "icon": {
        "paths": [
          "M548.571 384c90.857 0 164.571 73.714 164.571 164.571s-73.714 164.571-164.571 164.571-164.571-73.714-164.571-164.571 73.714-164.571 164.571-164.571zM950.857 146.286c80.571 0 146.286 65.714 146.286 146.286v512c0 80.571-65.714 146.286-146.286 146.286h-804.571c-80.571 0-146.286-65.714-146.286-146.286v-512c0-80.571 65.714-146.286 146.286-146.286h128l29.143-77.714c14.286-37.714 58.857-68.571 98.857-68.571h292.571c40 0 84.571 30.857 98.857 68.571l29.143 77.714h128zM548.571 804.571c141.143 0 256-114.857 256-256s-114.857-256-256-256-256 114.857-256 256 114.857 256 256 256z"
        ],
        "attrs": [
          {}
        ],
        "width": 1097,
        "isMulticolor": false,
        "isMulticolor2": false,
        "tags": [
          "camera"
        ],
        "grid": 14
      },
      "attrs": [
        {}
      ],
      "properties": {
        "order": 1,
        "id": 0,
        "prevSize": 28,
        "name": "camera"
      },
      "setIdx": 2,
      "setId": 2,
      "iconIdx": 4
    },
    {
      "icon": {
        "paths": [
          "M949.845 446.635c-144.64-121.771-407.296-348.629-409.899-350.933l-27.947-24.021-27.819 24.021c-2.645 2.261-265.429 229.035-412.16 351.915-18.688 16.811-29.355 40.32-29.355 64.384 0 47.104 38.229 85.333 85.333 85.333h42.667v256c0 47.104 38.229 85.333 85.333 85.333h512c47.104 0 85.333-38.229 85.333-85.333v-256h42.667c47.104 0 85.333-38.229 85.333-85.333 0-25.515-11.733-49.536-31.488-65.365zM597.333 853.333h-170.667v-213.333h170.667v213.333zM768 512l0.085 341.333c-0.085 0-128.085 0-128.085 0v-256h-256v256h-128v-341.333h-128.043c117.973-98.645 312.107-265.685 384.043-327.68 71.936 61.995 265.984 228.992 384 327.723 0 0-128 0-128-0.043z"
        ],
        "attrs": [
          {}
        ],
        "isMulticolor": false,
        "isMulticolor2": false,
        "tags": [
          "home-outline"
        ],
        "grid": 24
      },
      "attrs": [
        {}
      ],
      "properties": {
        "order": 1,
        "id": 1,
        "name": "home-outline",
        "prevSize": 24
      },
      "setIdx": 3,
      "setId": 1,
      "iconIdx": 0
    },
    {
      "icon": {
        "paths": [
          "M512 128c0 0-263.936 227.84-411.435 351.232-8.661 7.851-15.232 19.285-15.232 32.768 0 23.595 19.072 42.667 42.667 42.667h85.333v298.667c0 23.595 19.072 42.667 42.667 42.667h128c23.595 0 42.667-19.115 42.667-42.667v-170.667h170.667v170.667c0 23.552 19.072 42.667 42.667 42.667h128c23.595 0 42.667-19.072 42.667-42.667v-298.667h85.333c23.595 0 42.667-19.072 42.667-42.667 0-13.483-6.571-24.917-16.341-32.768-146.475-123.392-410.325-351.232-410.325-351.232z"
        ],
        "attrs": [
          {}
        ],
        "isMulticolor": false,
        "isMulticolor2": false,
        "tags": [
          "home"
        ],
        "grid": 24
      },
      "attrs": [
        {}
      ],
      "properties": {
        "order": 2,
        "id": 0,
        "name": "home",
        "prevSize": 24
      },
      "setIdx": 3,
      "setId": 1,
      "iconIdx": 1
    },
    {
      "icon": {
        "paths": [
          "M512 320.032c-141.408 0-256 114.592-256 256 0 141.376 114.592 256 256 256 141.376 0 256-114.624 256-256s-114.624-256-256-256zM657.76 700.992c-68.992 80.512-190.176 89.824-270.688 20.8-80.544-68.992-89.824-190.208-20.8-270.688 68.96-80.544 190.176-89.824 270.688-20.8 80.48 68.96 89.792 190.208 20.8 270.688zM512 448.032c8.832 0 16 7.168 16 16s-7.168 16-16 16c-53.024 0-95.968 42.976-96 95.968v0.064c0 8.8-7.168 16-16 16s-16-7.2-16-16v-0.064c0.032-70.656 57.312-127.968 128-127.968zM943.744 289.344l-138.688-23.136-43.936-109.888c-14.688-36.64-49.696-60.32-89.12-60.32h-320c-39.424 0-74.432 23.68-89.152 60.352l-43.904 109.856-138.656 23.136c-46.528 7.712-80.288 47.52-80.288 94.656v480c0 52.928 43.072 96 96 96h832c52.928 0 96-43.072 96-96v-480c0-47.136-33.76-86.944-80.256-94.656zM960 864c0 17.696-14.304 32-32 32h-832c-17.696 0-32-14.304-32-32v-480c0-15.648 11.328-28.992 26.752-31.552l174.208-29.024 57.312-143.296c4.896-12.128 16.64-20.128 29.728-20.128h320c13.056 0 24.8 7.968 29.696 20.128l57.312 143.296 174.24 29.024c15.424 2.56 26.752 15.904 26.752 31.552v480z"
        ],
        "attrs": [
          {}
        ],
        "isMulticolor": false,
        "isMulticolor2": false,
        "tags": [
          "camera",
          "photo",
          "image"
        ],
        "grid": 32
      },
      "attrs": [
        {}
      ],
      "properties": {
        "order": 1,
        "id": 0,
        "name": "camera1, photo, image",
        "prevSize": 32
      },
      "setIdx": 4,
      "setId": 0,
      "iconIdx": 0
    }
  ],
  "height": 1024,
  "preferences": {
    "showGlyphs": true,
    "showCodes": true,
    "showQuickUse": true,
    "showQuickUse2": true,
    "showSVGs": true,
    "fontPref": {
      "prefix": "icon-",
      "metadata": {},
      "metrics": {
        "emSize": 1024,
        "baseline": 6.25,
        "whitespace": 50
      }
    },
    "imagePref": {
      "prefix": "icon-",
      "png": true,
      "useClassSelector": true,
      "color": 0,
      "bgColor": 16777215,
      "name": "icomoon",
      "classSelector": ".icon"
    },
    "historySize": 50
  }
}